año;eleccion_tipo;recuento_tipo;padron_tipo;distrito_id;distrito_nombre;seccionprovincial_id;seccionprovincial_nombre;seccion_id;seccion_nombre;circuito_id;circuito_nombre;mesa_id;mesa_tipo;mesa_electores;cargo_id;cargo_nombre;agrupacion_id;agrupacion_nombre;lista_numero;lista_nombre;votos_tipo;votos_cantidad;total_votos_en_mesa;porcentaje
2023;GENERAL;PROVISORIO;NORMAL;1;Ciudad Autónoma de Buenos Aires;0;;1;Comuna 01;18;18;474;NATIVOS;343;1;PRESIDENTE Y VICE;0;;0.0;;NULO;0;0;
2023;GENERAL;PROVISORIO;NORMAL;1;Ciudad Autónoma de Buenos Aires;0;;1;Comuna 01;18;18;474;NATIVOS;343;1;PRESIDENTE Y VICE;0;;0.0;;IMPUGNADO;0;0;
2023;GENERAL;PROVISORIO;NORMAL;22;Santiago del Estero;0;;27;General Taboada;226;226;2464;NATIVOS;313;1;PRESIDENTE Y VICE;0;;0.0;;EN BLANCO;1;2;
2023;GENERAL;PROVISORIO;NORMAL;22;Santiago del Estero;0;;27;General Taboada;226;226;2464;NATIVOS;313;1;PRESIDENTE Y VICE;0;;0.0;;NULO;0;2;
2023;GENERAL;PROVISORIO;NORMAL;22;Santiago del Estero;0;;27;General Taboada;226;226;2464;NATIVOS;313;1;PRESIDENTE Y VICE;0;;0.0;;IMPUGNADO;0;2;
2023;GENERAL;PROVISORIO;NORMAL;22;Santiago del Estero;0;;27;General Taboada;226;226;2464;NATIVOS;313;1;PRESIDENTE Y VICE;0;;0.0;;RECURRIDO;0;2;
2023;GENERAL;PROVISORIO;NORMAL;22;Santiago del Estero;0;;27;General Taboada;226;226;2464;NATIVOS;313;1;PRESIDENTE Y VICE;0;;0.0;;COMANDO;1;2;
2023;GENERAL;PROVISORIO;NORMAL;1;Ciudad Autónoma de Buenos Aires;0;;1;Comuna 01;18;18;475;NATIVOS;349;1;PRESIDENTE Y VICE;134;UNION POR LA PATRIA;;;POSITIVO;95;224;42,41
2023;GENERAL;PROVISORIO;NORMAL;1;Ciudad Autónoma de Buenos Aires;0;;1;Comuna 01;18;18;476;NATIVOS;343;1;PRESIDENTE Y VICE;134;UNION POR LA PATRIA;;;POSITIVO;82;215;38,14
2023;GENERAL;PROVISORIO;NORMAL;1;Ciudad Autónoma de Buenos Aires;0;;1;Comuna 01;18;18;477;NATIVOS;346;1;PRESIDENTE Y VICE;134;UNION POR LA PATRIA;;;POSITIVO;92;219;42,01
2023;GENERAL;PROVISORIO;NORMAL;1;Ciudad Autónoma de Buenos Aires;0;;1;Comuna 01;18;18;478;NATIVOS;349;1;PRESIDENTE Y VICE;134;UNION POR LA PATRIA;;;POSITIVO;82;231;35,50
2023;GENERAL;PROVISORIO;NORMAL;1;Ciudad Autónoma de Buenos Aires;0;;1;Comuna 01;18;18;479;NATIVOS;343;1;PRESIDENTE Y VICE;134;UNION POR LA PATRIA;;;POSITIVO;95;236;40,25
2023;GENERAL;PROVISORIO;NORMAL;1;Ciudad Autónoma de Buenos Aires;0;;1;Comuna 01;18;18;480;NATIVOS;344;1;PRESIDENTE Y VICE;134;UNION POR LA PATRIA;;;POSITIVO;94;251;37,45
2023;GENERAL;PROVISORIO;NORMAL;1;Ciudad Autónoma de Buenos Aires;0;;1;Comuna 01;18;18;481;NATIVOS;342;1;PRESIDENTE Y VICE;134;UNION POR LA PATRIA;;;POSITIVO;108;495;43,64
2023;GENERAL;PROVISORIO;NORMAL;1;Ciudad Autónoma de Buenos Aires;0;;1;Comuna 01;18;18;482;NATIVOS;347;1;PRESIDENTE Y VICE;134;UNION POR LA PATRIA;;;POSITIVO;89;225;39,56
2023;GENERAL;PROVISORIO;NORMAL;1;Ciudad Autónoma de Buenos Aires;0;;1;Comuna 01;18;18;475;NATIVOS;349;1;PRESIDENTE Y VICE;135;LA LIBERTAD AVANZA;;;POSITIVO;57;224;25,45
2023;GENERAL;PROVISORIO;NORMAL;1;Ciudad Autónoma de Buenos Aires;0;;1;Comuna 01;18;18;476;NATIVOS;343;1;PRESIDENTE Y VICE;135;LA LIBERTAD AVANZA;;;POSITIVO;55;215;25,58
2023;GENERAL;PROVISORIO;NORMAL;1;Ciudad Autónoma de Buenos Aires;0;;1;Comuna 01;18;18;477;NATIVOS;346;1;PRESIDENTE Y VICE;135;LA LIBERTAD AVANZA;;;POSITIVO;62;219;28,31
2023;GENERAL;PROVISORIO;NORMAL;1;Ciudad Autónoma de Buenos Aires;0;;1;Comuna 01;18;18;478;NATIVOS;349;1;PRESIDENTE Y VICE;135;LA LIBERTAD AVANZA;;;POSITIVO;58;231;25,11
2023;GENERAL;PROVISORIO;NORMAL;1;Ciudad Autónoma de Buenos Aires;0;;1;Comuna 01;18;18;479;NATIVOS;343;1;PRESIDENTE Y VICE;135;LA LIBERTAD AVANZA;;;POSITIVO;55;236;23,31
2023;GENERAL;PROVISORIO;NORMAL;1;Ciudad Autónoma de Buenos Aires;0;;1;Comuna 01;18;18;480;NATIVOS;344;1;PRESIDENTE Y VICE;135;LA LIBERTAD AVANZA;;;POSITIVO;65;251;25,90
2023;GENERAL;PROVISORIO;NORMAL;1;Ciudad Autónoma de Buenos Aires;0;;1;Comuna 01;18;18;481;NATIVOS;342;1;PRESIDENTE Y VICE;135;LA LIBERTAD AVANZA;;;POSITIVO;62;495;25,05
2023;GENERAL;PROVISORIO;NORMAL;1;Ciudad Autónoma de Buenos Aires;0;;1;Comuna 01;18;18;482;NATIVOS;347;1;PRESIDENTE Y VICE;135;LA LIBERTAD AVANZA;;;POSITIVO;67;225;29,78
2023;GENERAL;PROVISORIO;NORMAL;1;Ciudad Autónoma de Buenos Aires;0;;1;Comuna 01;19;19;483;NATIVOS;344;1;PRESIDENTE Y VICE;135;LA LIBERTAD AVANZA;;;POSITIVO;50;129;38,76
2023;GENERAL;PROVISORIO;NORMAL;1;Ciudad Autónoma de Buenos Aires;0;;1;Comuna 01;19;19;484;NATIVOS;341;1;PRESIDENTE Y VICE;135;LA LIBERTAD AVANZA;;;POSITIVO;50;129;38,76
2023;GENERAL;PROVISORIO;NORMAL;1;Ciudad Autónoma de Buenos Aires;0;;1;Comuna 01;19;19;485;NATIVOS;343;1;PRESIDENTE Y VICE;135;LA LIBERTAD AVANZA;;;POSITIVO;58;138;42,03
2023;GENERAL;PROVISORIO;NORMAL;1;Ciudad Autónoma de Buenos Aires;0;;1;Comuna 01;19;19;486;NATIVOS;347;1;PRESIDENTE Y VICE;135;LA LIBERTAD AVANZA;;;POSITIVO;55;74;74,32
2023;GENERAL;PROVISORIO;NORMAL;1;Ciudad Autónoma de Buenos Aires;0;;1;Comuna 01;19;19;487;NATIVOS;344;1;PRESIDENTE Y VICE;135;LA LIBERTAD AVANZA;;;POSITIVO;68;83;81,93
2023;GENERAL;PROVISORIO;NORMAL;1;Ciudad Autónoma de Buenos Aires;0;;1;Comuna 01;19;19;488;NATIVOS;340;1;PRESIDENTE Y VICE;135;LA LIBERTAD AVANZA;;;POSITIVO;65;77;84,42
2023;GENERAL;PROVISORIO;NORMAL;1;Ciudad Autónoma de Buenos Aires;0;;1;Comuna 01;19;19;489;NATIVOS;342;1;PRESIDENTE Y VICE;135;LA LIBERTAD AVANZA;;;POSITIVO;56;332;33,73
2023;GENERAL;PROVISORIO;NORMAL;1;Ciudad Autónoma de Buenos Aires;0;;1;Comuna 01;19;19;490;NATIVOS;344;1;PRESIDENTE Y VICE;135;LA LIBERTAD AVANZA;;;POSITIVO;53;65;81,54
2023;GENERAL;PROVISORIO;NORMAL;1;Ciudad Autónoma de Buenos Aires;0;;1;Comuna 01;19;19;491;NATIVOS;343;1;PRESIDENTE Y VICE;135;LA LIBERTAD AVANZA;;;POSITIVO;49;66;74,24
2023;GENERAL;PROVISORIO;NORMAL;1;Ciudad Autónoma de Buenos Aires;0;;1;Comuna 01;19;19;492;NATIVOS;343;1;PRESIDENTE Y VICE;135;LA LIBERTAD AVANZA;;;POSITIVO;60;74;81,08
2023;GENERAL;PROVISORIO;NORMAL;1;Ciudad Autónoma de Buenos Aires;0;;1;Comuna 01;19;19;493;NATIVOS;343;1;PRESIDENTE Y VICE;135;LA LIBERTAD AVANZA;;;POSITIVO;63;84;75,00
2023;GENERAL;PROVISORIO;NORMAL;1;Ciudad Autónoma de Buenos Aires;0;;1;Comuna 01;19;19;494;NATIVOS;343;1;PRESIDENTE Y VICE;135;LA LIBERTAD AVANZA;;;POSITIVO;56;68;82,35
2023;GENERAL;PROVISORIO;NORMAL;1;Ciudad Autónoma de Buenos Aires;0;;1;Comuna 01;19;19;495;NATIVOS;342;1;PRESIDENTE Y VICE;135;LA LIBERTAD AVANZA;;;POSITIVO;55;292;37,67
2023;GENERAL;PROVISORIO;NORMAL;1;Ciudad Autónoma de Buenos Aires;0;;1;Comuna 01;19;19;496;NATIVOS;342;1;PRESIDENTE Y VICE;135;LA LIBERTAD AVANZA;;;POSITIVO;46;274;33,58
2023;GENERAL;PROVISORIO;NORMAL;1;Ciudad Autónoma de Buenos Aires;0;;1;Comuna 01;19;19;497;NATIVOS;344;1;PRESIDENTE Y VICE;135;LA LIBERTAD AVANZA;;;POSITIVO;63;63;100,00
2023;GENERAL;PROVISORIO;NORMAL;1;Ciudad Autónoma de Buenos Aires;0;;1;Comuna 01;19;19;498;NATIVOS;343;1;PRESIDENTE Y VICE;135;LA LIBERTAD AVANZA;;;POSITIVO;64;64;100,00
2023;GENERAL;PROVISORIO;NORMAL;1;Ciudad Autónoma de Buenos Aires;0;;1;Comuna 01;19;19;499;NATIVOS;341;1;PRESIDENTE Y VICE;135;LA LIBERTAD AVANZA;;;POSITIVO;56;56;100,00
2023;GENERAL;PROVISORIO;NORMAL;1;Ciudad Autónoma de Buenos Aires;0;;1;Comuna 01;19;19;500;NATIVOS;342;1;PRESIDENTE Y VICE;135;LA LIBERTAD AVANZA;;;POSITIVO;55;55;100,00
2023;GENERAL;PROVISORIO;NORMAL;1;Ciudad Autónoma de Buenos Aires;0;;1;Comuna 01;19;19;501;NATIVOS;342;1;PRESIDENTE Y VICE;135;LA LIBERTAD AVANZA;;;POSITIVO;45;45;100,00
2023;GENERAL;PROVISORIO;NORMAL;1;Ciudad Autónoma de Buenos Aires;0;;1;Comuna 01;1;1;1;NATIVOS;345;1;PRESIDENTE Y VICE;135;LA LIBERTAD AVANZA;;;POSITIVO;44;44;100,00
2023;GENERAL;PROVISORIO;NORMAL;1;Ciudad Autónoma de Buenos Aires;0;;1;Comuna 01;1;1;2;NATIVOS;339;1;PRESIDENTE Y VICE;135;LA LIBERTAD AVANZA;;;POSITIVO;38;38;100,00
2023;GENERAL;PROVISORIO;NORMAL;1;Ciudad Autónoma de Buenos Aires;0;;1;Comuna 01;1;1;3;NATIVOS;342;1;PRESIDENTE Y VICE;135;LA LIBERTAD AVANZA;;;POSITIVO;35;35;100,00
2023;GENERAL;PROVISORIO;NORMAL;1;Ciudad Autónoma de Buenos Aires;0;;1;Comuna 01;1;1;4;NATIVOS;345;1;PRESIDENTE Y VICE;135;LA LIBERTAD AVANZA;;;POSITIVO;41;41;100,00
2023;GENERAL;PROVISORIO;NORMAL;1;Ciudad Autónoma de Buenos Aires;0;;1;Comuna 01;1;1;5;NATIVOS;351;1;PRESIDENTE Y VICE;135;LA LIBERTAD AVANZA;;;POSITIVO;0;0;nan
2023;GENERAL;PROVISORIO;NORMAL;1;Ciudad Autónoma de Buenos Aires;0;;1;Comuna 01;1;1;6;NATIVOS;343;1;PRESIDENTE Y VICE;135;LA LIBERTAD AVANZA;;;POSITIVO;35;35;100,00
2023;GENERAL;PROVISORIO;NORMAL;1;Ciudad Autónoma de Buenos Aires;0;;1;Comuna 01;1;1;7;NATIVOS;342;1;PRESIDENTE Y VICE;135;LA LIBERTAD AVANZA;;;POSITIVO;33;33;100,00
2023;GENERAL;PROVISORIO;NORMAL;1;Ciudad Autónoma de Buenos Aires;0;;1;Comuna 01;1;1;8;NATIVOS;339;1;PRESIDENTE Y VICE;135;LA LIBERTAD AVANZA;;;POSITIVO;55;55;100,00
2023;GENERAL;PROVISORIO;NORMAL;1;Ciudad Autónoma de Buenos Aires;0;;1;Comuna 01;1;1;9;NATIVOS;345;1;PRESIDENTE Y VICE;135;LA LIBERTAD AVANZA;;;POSITIVO;36;36;100,00
2023;GENERAL;PROVISORIO;NORMAL;1;Ciudad Autónoma de Buenos Aires;0;;1;Comuna 01;1;1;10;NATIVOS;344;1;PRESIDENTE Y VICE;135;LA LIBERTAD AVANZA;;;POSITIVO;33;33;100,00
2023;GENERAL;PROVISORIO;NORMAL;1;Ciudad Autónoma de Buenos Aires;0;;1;Comuna 01;1;1;11;NATIVOS;347;1;PRESIDENTE Y VICE;135;LA LIBERTAD AVANZA;;;POSITIVO;48;48;100,00
2023;GENERAL;PROVISORIO;NORMAL;1;Ciudad Autónoma de Buenos Aires;0;;1;Comuna 01;1;1;12;NATIVOS;343;1;PRESIDENTE Y VICE;135;LA LIBERTAD AVANZA;;;POSITIVO;41;41;100,00
2023;GENERAL;PROVISORIO;NORMAL;1;Ciudad Autónoma de Buenos Aires;0;;1;Comuna 01;1;1;13;NATIVOS;344;1;PRESIDENTE Y VICE;135;LA LIBERTAD AVANZA;;;POSITIVO;54;54;100,00
2023;GENERAL;PROVISORIO;NORMAL;1;Ciudad Autónoma de Buenos Aires;0;;1;Comuna 01;1;1;14;NATIVOS;343;1;PRESIDENTE Y VICE;135;LA LIBERTAD AVANZA;;;POSITIVO;49;49;100,00
2023;GENERAL;PROVISORIO;NORMAL;1;Ciudad Autónoma de Buenos Aires;0;;1;Comuna 01;1;1;15;NATIVOS;344;1;PRESIDENTE Y VICE;135;LA LIBERTAD AVANZA;;;POSITIVO;52;52;100,00
2023;GENERAL;PROVISORIO;NORMAL;1;Ciudad Autónoma de Buenos Aires;0;;1;Comuna 01;1;1;16;NATIVOS;341;1;PRESIDENTE Y VICE;135;LA LIBERTAD AVANZA;;;POSITIVO;34;34;100,00
2023;GENERAL;PROVISORIO;NORMAL;1;Ciudad Autónoma de Buenos Aires;0;;1;Comuna 01;1;1;17;NATIVOS;341;1;PRESIDENTE Y VICE;135;LA LIBERTAD AVANZA;;;POSITIVO;43;43;100,00
2023;GENERAL;PROVISORIO;NORMAL;1;Ciudad Autónoma de Buenos Aires;0;;1;Comuna 01;1;1;18;NATIVOS;347;1;PRESIDENTE Y VICE;135;LA LIBERTAD AVANZA;;;POSITIVO;54;54;100,00
2023;GENERAL;PROVISORIO;NORMAL;1;Ciudad Autónoma de Buenos Aires;0;;1;Comuna 01;1;1;19;NATIVOS;345;1;PRESIDENTE Y VICE;135;LA LIBERTAD AVANZA;;;POSITIVO;46;46;100,00
2023;GENERAL;PROVISORIO;NORMAL;1;Ciudad Autónoma de Buenos Aires;0;;1;Comuna 01;1;1;20;NATIVOS;342;1;PRESIDENTE Y VICE;135;LA LIBERTAD AVANZA;;;POSITIVO;39;39;100,00
2023;GENERAL;PROVISORIO;NORMAL;1;Ciudad Autónoma de Buenos Aires;0;;1;Comuna 01;1;1;21;NATIVOS;343;1;PRESIDENTE Y VICE;135;LA LIBERTAD AVANZA;;;POSITIVO;35;35;100,00
2023;GENERAL;PROVISORIO;NORMAL;1;Ciudad Autónoma de Buenos Aires;0;;1;Comuna 01;1;1;22;NATIVOS;345;1;PRESIDENTE Y VICE;135;LA LIBERTAD AVANZA;;;POSITIVO;42;42;100,00
2023;GENERAL;PROVISORIO;NORMAL;1;Ciudad Autónoma de Buenos Aires;0;;1;Comuna 01;1;1;23;NATIVOS;344;1;PRESIDENTE Y VICE;135;LA LIBERTAD AVANZA;;;POSITIVO;56;56;100,00
2023;GENERAL;PROVISORIO;NORMAL;1;Ciudad Autónoma de Buenos Aires;0;;1;Comuna 01;18;18;475;NATIVOS;349;1;PRESIDENTE Y VICE;132;JUNTOS POR EL CAMBIO;;;POSITIVO;59;224;26,34
2023;GENERAL;PROVISORIO;NORMAL;1;Ciudad Autónoma de Buenos Aires;0;;1;Comuna 01;18;18;476;NATIVOS;343;1;PRESIDENTE Y VICE;132;JUNTOS POR EL CAMBIO;;;POSITIVO;59;215;27,44
2023;GENERAL;PROVISORIO;NORMAL;1;Ciudad Autónoma de Buenos Aires;0;;1;Comuna 01;18;18;477;NATIVOS;346;1;PRESIDENTE Y VICE;132;JUNTOS POR EL CAMBIO;;;POSITIVO;52;219;23,74
2023;GENERAL;PROVISORIO;NORMAL;1;Ciudad Autónoma de Buenos Aires;0;;1;Comuna 01;18;18;478;NATIVOS;349;1;PRESIDENTE Y VICE;132;JUNTOS POR EL CAMBIO;;;POSITIVO;85;231;36,80
2023;GENERAL;PROVISORIO;NORMAL;1;Ciudad Autónoma de Buenos Aires;0;;1;Comuna 01;18;18;479;NATIVOS;343;1;PRESIDENTE Y VICE;132;JUNTOS POR EL CAMBIO;;;POSITIVO;73;236;30,93
2023;GENERAL;PROVISORIO;NORMAL;1;Ciudad Autónoma de Buenos Aires;0;;1;Comuna 01;18;18;480;NATIVOS;344;1;PRESIDENTE Y VICE;132;JUNTOS POR EL CAMBIO;;;POSITIVO;69;251;27,49
2023;GENERAL;PROVISORIO;NORMAL;1;Ciudad Autónoma de Buenos Aires;0;;1;Comuna 01;18;18;481;NATIVOS;342;1;PRESIDENTE Y VICE;132;JUNTOS POR EL CAMBIO;;;POSITIVO;58;495;23,43
2023;GENERAL;PROVISORIO;NORMAL;1;Ciudad Autónoma de Buenos Aires;0;;1;Comuna 01;18;18;482;NATIVOS;347;1;PRESIDENTE Y VICE;132;JUNTOS POR EL CAMBIO;;;POSITIVO;63;225;28,00
2023;GENERAL;PROVISORIO;NORMAL;1;Ciudad Autónoma de Buenos Aires;0;;1;Comuna 01;19;19;483;NATIVOS;344;1;PRESIDENTE Y VICE;132;JUNTOS POR EL CAMBIO;;;POSITIVO;60;129;46,51
2023;GENERAL;PROVISORIO;NORMAL;1;Ciudad Autónoma de Buenos Aires;0;;1;Comuna 01;19;19;484;NATIVOS;341;1;PRESIDENTE Y VICE;132;JUNTOS POR EL CAMBIO;;;POSITIVO;60;129;46,51
2023;GENERAL;PROVISORIO;NORMAL;1;Ciudad Autónoma de Buenos Aires;0;;1;Comuna 01;19;19;485;NATIVOS;343;1;PRESIDENTE Y VICE;132;JUNTOS POR EL CAMBIO;;;POSITIVO;58;138;42,03
2023;GENERAL;PROVISORIO;NORMAL;1;Ciudad Autónoma de Buenos Aires;0;;1;Comuna 01;18;18;475;NATIVOS;349;1;PRESIDENTE Y VICE;133;HACEMOS POR NUESTRO PAIS;;;POSITIVO;4;224;1,79
2023;GENERAL;PROVISORIO;NORMAL;1;Ciudad Autónoma de Buenos Aires;0;;1;Comuna 01;18;18;476;NATIVOS;343;1;PRESIDENTE Y VICE;133;HACEMOS POR NUESTRO PAIS;;;POSITIVO;6;215;2,79
2023;GENERAL;PROVISORIO;NORMAL;1;Ciudad Autónoma de Buenos Aires;0;;1;Comuna 01;18;18;477;NATIVOS;346;1;PRESIDENTE Y VICE;133;HACEMOS POR NUESTRO PAIS;;;POSITIVO;6;219;2,74
2023;GENERAL;PROVISORIO;NORMAL;1;Ciudad Autónoma de Buenos Aires;0;;1;Comuna 01;18;18;478;NATIVOS;349;1;PRESIDENTE Y VICE;133;HACEMOS POR NUESTRO PAIS;;;POSITIVO;2;231;0,87
2023;GENERAL;PROVISORIO;NORMAL;1;Ciudad Autónoma de Buenos Aires;0;;1;Comuna 01;18;18;479;NATIVOS;343;1;PRESIDENTE Y VICE;133;HACEMOS POR NUESTRO PAIS;;;POSITIVO;4;236;1,69
2023;GENERAL;PROVISORIO;NORMAL;1;Ciudad Autónoma de Buenos Aires;0;;1;Comuna 01;18;18;480;NATIVOS;344;1;PRESIDENTE Y VICE;133;HACEMOS POR NUESTRO PAIS;;;POSITIVO;9;251;3,59
2023;GENERAL;PROVISORIO;NORMAL;1;Ciudad Autónoma de Buenos Aires;0;;1;Comuna 01;18;18;481;NATIVOS;342;1;PRESIDENTE Y VICE;133;HACEMOS POR NUESTRO PAIS;;;POSITIVO;9;495;3,64
2023;GENERAL;PROVISORIO;NORMAL;1;Ciudad Autónoma de Buenos Aires;0;;1;Comuna 01;18;18;482;NATIVOS;347;1;PRESIDENTE Y VICE;133;HACEMOS POR NUESTRO PAIS;;;POSITIVO;2;225;0,89
2023;GENERAL;PROVISORIO;NORMAL;1;Ciudad Autónoma de Buenos Aires;0;;1;Comuna 01;19;19;483;NATIVOS;344;1;PRESIDENTE Y VICE;133;HACEMOS POR NUESTRO PAIS;;;POSITIVO;11;129;8,53
2023;GENERAL;PROVISORIO;NORMAL;1;Ciudad Autónoma de Buenos Aires;0;;1;Comuna 01;19;19;484;NATIVOS;341;1;PRESIDENTE Y VICE;133;HACEMOS POR NUESTRO PAIS;;;POSITIVO;10;129;7,75
2023;GENERAL;PROVISORIO;NORMAL;1;Ciudad Autónoma de Buenos Aires;0;;1;Comuna 01;19;19;485;NATIVOS;343;1;PRESIDENTE Y VICE;133;HACEMOS POR NUESTRO PAIS;;;POSITIVO;9;138;6,52
2023;GENERAL;PROVISORIO;NORMAL;1;Ciudad Autónoma de Buenos Aires;0;;1;Comuna 01;19;19;486;NATIVOS;347;1;PRESIDENTE Y VICE;133;HACEMOS POR NUESTRO PAIS;;;POSITIVO;8;74;10,81
2023;GENERAL;PROVISORIO;NORMAL;1;Ciudad Autónoma de Buenos Aires;0;;1;Comuna 01;19;19;487;NATIVOS;344;1;PRESIDENTE Y VICE;133;HACEMOS POR NUESTRO PAIS;;;POSITIVO;9;83;10,84
2023;GENERAL;PROVISORIO;NORMAL;1;Ciudad Autónoma de Buenos Aires;0;;1;Comuna 01;19;19;488;NATIVOS;340;1;PRESIDENTE Y VICE;133;HACEMOS POR NUESTRO PAIS;;;POSITIVO;10;77;12,99
2023;GENERAL;PROVISORIO;NORMAL;1;Ciudad Autónoma de Buenos Aires;0;;1;Comuna 01;19;19;489;NATIVOS;342;1;PRESIDENTE Y VICE;133;HACEMOS POR NUESTRO PAIS;;;POSITIVO;5;332;3,01
2023;GENERAL;PROVISORIO;NORMAL;1;Ciudad Autónoma de Buenos Aires;0;;1;Comuna 01;19;19;490;NATIVOS;344;1;PRESIDENTE Y VICE;133;HACEMOS POR NUESTRO PAIS;;;POSITIVO;6;65;9,23
2023;GENERAL;PROVISORIO;NORMAL;1;Ciudad Autónoma de Buenos Aires;0;;1;Comuna 01;19;19;491;NATIVOS;343;1;PRESIDENTE Y VICE;133;HACEMOS POR NUESTRO PAIS;;;POSITIVO;5;66;7,58
2023;GENERAL;PROVISORIO;NORMAL;1;Ciudad Autónoma de Buenos Aires;0;;1;Comuna 01;19;19;492;NATIVOS;343;1;PRESIDENTE Y VICE;133;HACEMOS POR NUESTRO PAIS;;;POSITIVO;4;74;5,41
2023;GENERAL;PROVISORIO;NORMAL;1;Ciudad Autónoma de Buenos Aires;0;;1;Comuna 01;19;19;493;NATIVOS;343;1;PRESIDENTE Y VICE;133;HACEMOS POR NUESTRO PAIS;;;POSITIVO;11;84;13,10
2023;GENERAL;PROVISORIO;NORMAL;1;Ciudad Autónoma de Buenos Aires;0;;1;Comuna 01;19;19;494;NATIVOS;343;1;PRESIDENTE Y VICE;133;HACEMOS POR NUESTRO PAIS;;;POSITIVO;7;68;10,29
2023;GENERAL;PROVISORIO;NORMAL;1;Ciudad Autónoma de Buenos Aires;0;;1;Comuna 01;18;18;475;NATIVOS;349;1;PRESIDENTE Y VICE;136;FRENTE DE IZQUIERDA Y DE TRABAJADORES - UNIDAD;;;POSITIVO;9;224;4,02
2023;GENERAL;PROVISORIO;NORMAL;1;Ciudad Autónoma de Buenos Aires;0;;1;Comuna 01;18;18;476;NATIVOS;343;1;PRESIDENTE Y VICE;136;FRENTE DE IZQUIERDA Y DE TRABAJADORES - UNIDAD;;;POSITIVO;13;215;6,05
2023;GENERAL;PROVISORIO;NORMAL;1;Ciudad Autónoma de Buenos Aires;0;;1;Comuna 01;18;18;477;NATIVOS;346;1;PRESIDENTE Y VICE;136;FRENTE DE IZQUIERDA Y DE TRABAJADORES - UNIDAD;;;POSITIVO;7;219;3,20
2023;GENERAL;PROVISORIO;NORMAL;1;Ciudad Autónoma de Buenos Aires;0;;1;Comuna 01;18;18;478;NATIVOS;349;1;PRESIDENTE Y VICE;136;FRENTE DE IZQUIERDA Y DE TRABAJADORES - UNIDAD;;;POSITIVO;4;231;1,73
2023;GENERAL;PROVISORIO;NORMAL;1;Ciudad Autónoma de Buenos Aires;0;;1;Comuna 01;18;18;479;NATIVOS;343;1;PRESIDENTE Y VICE;136;FRENTE DE IZQUIERDA Y DE TRABAJADORES - UNIDAD;;;POSITIVO;9;236;3,81
2023;GENERAL;PROVISORIO;NORMAL;1;Ciudad Autónoma de Buenos Aires;0;;1;Comuna 01;18;18;480;NATIVOS;344;1;PRESIDENTE Y VICE;136;FRENTE DE IZQUIERDA Y DE TRABAJADORES - UNIDAD;;;POSITIVO;14;251;5,58
2023;GENERAL;PROVISORIO;NORMAL;1;Ciudad Autónoma de Buenos Aires;0;;1;Comuna 01;18;18;481;NATIVOS;342;1;PRESIDENTE Y VICE;136;FRENTE DE IZQUIERDA Y DE TRABAJADORES - UNIDAD;;;POSITIVO;9;495;3,64
2023;GENERAL;PROVISORIO;NORMAL;1;Ciudad Autónoma de Buenos Aires;0;;1;Comuna 01;18;18;482;NATIVOS;347;1;PRESIDENTE Y VICE;136;FRENTE DE IZQUIERDA Y DE TRABAJADORES - UNIDAD;;;POSITIVO;4;225;1,78
2023;GENERAL;PROVISORIO;NORMAL;1;Ciudad Autónoma de Buenos Aires;0;;1;Comuna 01;19;19;483;NATIVOS;344;1;PRESIDENTE Y VICE;136;FRENTE DE IZQUIERDA Y DE TRABAJADORES - UNIDAD;;;POSITIVO;8;129;6,20
2023;GENERAL;PROVISORIO;NORMAL;1;Ciudad Autónoma de Buenos Aires;0;;1;Comuna 01;19;19;484;NATIVOS;341;1;PRESIDENTE Y VICE;136;FRENTE DE IZQUIERDA Y DE TRABAJADORES - UNIDAD;;;POSITIVO;9;129;6,98
2023;GENERAL;PROVISORIO;NORMAL;1;Ciudad Autónoma de Buenos Aires;0;;1;Comuna 01;19;19;485;NATIVOS;343;1;PRESIDENTE Y VICE;136;FRENTE DE IZQUIERDA Y DE TRABAJADORES - UNIDAD;;;POSITIVO;13;138;9,42
2023;GENERAL;PROVISORIO;NORMAL;1;Ciudad Autónoma de Buenos Aires;0;;1;Comuna 01;19;19;486;NATIVOS;347;1;PRESIDENTE Y VICE;136;FRENTE DE IZQUIERDA Y DE TRABAJADORES - UNIDAD;;;POSITIVO;11;74;14,86
2023;GENERAL;PROVISORIO;NORMAL;1;Ciudad Autónoma de Buenos Aires;0;;1;Comuna 01;19;19;487;NATIVOS;344;1;PRESIDENTE Y VICE;136;FRENTE DE IZQUIERDA Y DE TRABAJADORES - UNIDAD;;;POSITIVO;6;83;7,23
2023;GENERAL;PROVISORIO;NORMAL;1;Ciudad Autónoma de Buenos Aires;0;;1;Comuna 01;19;19;488;NATIVOS;340;1;PRESIDENTE Y VICE;136;FRENTE DE IZQUIERDA Y DE TRABAJADORES - UNIDAD;;;POSITIVO;2;77;2,60
2023;GENERAL;PROVISORIO;NORMAL;1;Ciudad Autónoma de Buenos Aires;0;;1;Comuna 01;19;19;489;NATIVOS;342;1;PRESIDENTE Y VICE;136;FRENTE DE IZQUIERDA Y DE TRABAJADORES - UNIDAD;;;POSITIVO;12;332;7,23
2023;GENERAL;PROVISORIO;NORMAL;1;Ciudad Autónoma de Buenos Aires;0;;1;Comuna 01;19;19;490;NATIVOS;344;1;PRESIDENTE Y VICE;136;FRENTE DE IZQUIERDA Y DE TRABAJADORES - UNIDAD;;;POSITIVO;6;65;9,23
2023;GENERAL;PROVISORIO;NORMAL;1;Ciudad Autónoma de Buenos Aires;0;;1;Comuna 01;19;19;491;NATIVOS;343;1;PRESIDENTE Y VICE;136;FRENTE DE IZQUIERDA Y DE TRABAJADORES - UNIDAD;;;POSITIVO;12;66;18,18
2023;GENERAL;PROVISORIO;NORMAL;1;Ciudad Autónoma de Buenos Aires;0;;1;Comuna 01;19;19;492;NATIVOS;343;1;PRESIDENTE Y VICE;136;FRENTE DE IZQUIERDA Y DE TRABAJADORES - UNIDAD;;;POSITIVO;10;74;13,51
2023;GENERAL;PROVISORIO;NORMAL;1;Ciudad Autónoma de Buenos Aires;0;;1;Comuna 01;19;19;493;NATIVOS;343;1;PRESIDENTE Y VICE;136;FRENTE DE IZQUIERDA Y DE TRABAJADORES - UNIDAD;;;POSITIVO;10;84;11,90
2023;GENERAL;PROVISORIO;NORMAL;1;Ciudad Autónoma de Buenos Aires;0;;1;Comuna 01;19;19;494;NATIVOS;343;1;PRESIDENTE Y VICE;136;FRENTE DE IZQUIERDA Y DE TRABAJADORES - UNIDAD;;;POSITIVO;5;68;7,35
2023;GENERAL;PROVISORIO;NORMAL;1;Ciudad Autónoma de Buenos Aires;0;;5;Comuna 05;58;58;9539;EXTRANJEROS;360;12;DIPUTADOS/AS DE LA CIUDAD AUTONOMA;10804;FRENTE DE IZQUIERDA Y DE TRABAJADORES - UNIDAD;;;POSITIVO;5;6;83,33
2023;GENERAL;PROVISORIO;NORMAL;1;Ciudad Autónoma de Buenos Aires;0;;5;Comuna 05;58;58;9539;EXTRANJEROS;360;12;DIPUTADOS/AS DE LA CIUDAD AUTONOMA;0;;0.0;;EN BLANCO;0;6;
2023;GENERAL;PROVISORIO;NORMAL;1;Ciudad Autónoma de Buenos Aires;0;;5;Comuna 05;58;58;9539;EXTRANJEROS;360;12;DIPUTADOS/AS DE LA CIUDAD AUTONOMA;0;;0.0;;NULO;0;6;
2023;GENERAL;PROVISORIO;NORMAL;1;Ciudad Autónoma de Buenos Aires;0;;5;Comuna 05;58;58;9539;EXTRANJEROS;360;12;DIPUTADOS/AS DE LA CIUDAD AUTONOMA;0;;0.0;;IMPUGNADO;0;6;
2023;GENERAL;PROVISORIO;NORMAL;1;Ciudad Autónoma de Buenos Aires;0;;5;Comuna 05;58;58;9539;EXTRANJEROS;360;12;DIPUTADOS/AS DE LA CIUDAD AUTONOMA;0;;0.0;;RECURRIDO;1;6;
2023;GENERAL;PROVISORIO;NORMAL;1;Ciudad Autónoma de Buenos Aires;0;;5;Comuna 05;58;58;9539;EXTRANJEROS;360;12;DIPUTADOS/AS DE LA CIUDAD AUTONOMA;0;;0.0;;COMANDO;0;6;
2023;GENERAL;PROVISORIO;NORMAL;1;Ciudad Autónoma de Buenos Aires;0;;5;Comuna 05;58;58;9540;EXTRANJEROS;360;12;DIPUTADOS/AS DE LA CIUDAD AUTONOMA;10802;UNION POR LA PATRIA;;;POSITIVO;40;83;48,19
2023;GENERAL;PROVISORIO;NORMAL;1;Ciudad Autónoma de Buenos Aires;0;;5;Comuna 05;58;58;9540;EXTRANJEROS;360;12;DIPUTADOS/AS DE LA CIUDAD AUTONOMA;10803;JUNTOS POR EL CAMBIO;;;POSITIVO;22;83;26,51
2023;GENERAL;PROVISORIO;NORMAL;1;Ciudad Autónoma de Buenos Aires;0;;5;Comuna 05;58;58;9540;EXTRANJEROS;360;12;DIPUTADOS/AS DE LA CIUDAD AUTONOMA;10801;LA LIBERTAD AVANZA;;;POSITIVO;18;83;21,69
2023;GENERAL;PROVISORIO;NORMAL;1;Ciudad Autónoma de Buenos Aires;0;;5;Comuna 05;58;58;9540;EXTRANJEROS;360;12;DIPUTADOS/AS DE LA CIUDAD AUTONOMA;10804;FRENTE DE IZQUIERDA Y DE TRABAJADORES - UNIDAD;;;POSITIVO;3;83;3,61
2023;GENERAL;PROVISORIO;NORMAL;1;Ciudad Autónoma de Buenos Aires;0;;1;Comuna 01;18;18;481;NATIVOS;342;1;PRESIDENTE Y VICE;134;UNION POR LA PATRIA;;;POSITIVO;108;495;43,64
2023;GENERAL;PROVISORIO;NORMAL;1;Ciudad Autónoma de Buenos Aires;0;;1;Comuna 01;18;18;481;NATIVOS;342;1;PRESIDENTE Y VICE;135;LA LIBERTAD AVANZA;;;POSITIVO;62;495;25,05
2023;GENERAL;PROVISORIO;NORMAL;1;Ciudad Autónoma de Buenos Aires;0;;1;Comuna 01;18;18;481;NATIVOS;342;1;PRESIDENTE Y VICE;132;JUNTOS POR EL CAMBIO;;;POSITIVO;58;495;23,43
2023;GENERAL;PROVISORIO;NORMAL;1;Ciudad Autónoma de Buenos Aires;0;;1;Comuna 01;18;18;481;NATIVOS;342;1;PRESIDENTE Y VICE;133;HACEMOS POR NUESTRO PAIS;;;POSITIVO;9;495;3,64
2023;GENERAL;PROVISORIO;NORMAL;1;Ciudad Autónoma de Buenos Aires;0;;1;Comuna 01;18;18;481;NATIVOS;342;1;PRESIDENTE Y VICE;136;FRENTE DE IZQUIERDA Y DE TRABAJADORES - UNIDAD;;;POSITIVO;9;495;3,64
2023;GENERAL;PROVISORIO;NORMAL;1;Ciudad Autónoma de Buenos Aires;0;;1;Comuna 01;18;18;481;NATIVOS;342;1;PRESIDENTE Y VICE;0;;0.0;;EN BLANCO;2;495;
2023;GENERAL;PROVISORIO;NORMAL;1;Ciudad Autónoma de Buenos Aires;0;;1;Comuna 01;18;18;481;NATIVOS;342;1;PRESIDENTE Y VICE;0;;0.0;;NULO;1;495;
2023;GENERAL;PROVISORIO;NORMAL;1;Ciudad Autónoma de Buenos Aires;0;;1;Comuna 01;18;18;481;NATIVOS;342;1;PRESIDENTE Y VICE;0;;0.0;;IMPUGNADO;0;495;
2023;GENERAL;PROVISORIO;NORMAL;1;Ciudad Autónoma de Buenos Aires;0;;1;Comuna 01;18;18;481;NATIVOS;342;1;PRESIDENTE Y VICE;0;;0.0;;RECURRIDO;0;495;
2023;GENERAL;PROVISORIO;NORMAL;1;Ciudad Autónoma de Buenos Aires;0;;1;Comuna 01;18;18;481;NATIVOS;342;1;PRESIDENTE Y VICE;0;;0.0;;COMANDO;0;495;
2023;GENERAL;PROVISORIO;NORMAL;1;Ciudad Autónoma de Buenos Aires;0;;1;Comuna 01;19;19;489;NATIVOS;342;1;PRESIDENTE Y VICE;134;UNION POR LA PATRIA;;;POSITIVO;111;332;33,43
2023;GENERAL;PROVISORIO;NORMAL;1;Ciudad Autónoma de Buenos Aires;0;;1;Comuna 01;19;19;489;NATIVOS;342;1;PRESIDENTE Y VICE;132;JUNTOS POR EL CAMBIO;;;POSITIVO;68;332;20,48
2023;GENERAL;PROVISORIO;NORMAL;1;Ciudad Autónoma de Buenos Aires;0;;1;Comuna 01;19;19;489;NATIVOS;342;1;PRESIDENTE Y VICE;135;LA LIBERTAD AVANZA;;;POSITIVO;56;332;33,73
2023;GENERAL;PROVISORIO;NORMAL;1;Ciudad Autónoma de Buenos Aires;0;;1;Comuna 01;19;19;489;NATIVOS;342;1;PRESIDENTE Y VICE;136;FRENTE DE IZQUIERDA Y DE TRABAJADORES - UNIDAD;;;POSITIVO;12;332;7,23
2023;GENERAL;PROVISORIO;NORMAL;1;Ciudad Autónoma de Buenos Aires;0;;1;Comuna 01;19;19;489;NATIVOS;342;1;PRESIDENTE Y VICE;133;HACEMOS POR NUESTRO PAIS;;;POSITIVO;5;332;3,01
2023;GENERAL;PROVISORIO;NORMAL;1;Ciudad Autónoma de Buenos Aires;0;;1;Comuna 01;19;19;489;NATIVOS;342;1;PRESIDENTE Y VICE;0;;0.0;;EN BLANCO;6;332;
2023;GENERAL;PROVISORIO;NORMAL;1;Ciudad Autónoma de Buenos Aires;0;;1;Comuna 01;19;19;489;NATIVOS;342;1;PRESIDENTE Y VICE;0;;0.0;;NULO;1;332;
2023;GENERAL;PROVISORIO;NORMAL;1;Ciudad Autónoma de Buenos Aires;0;;1;Comuna 01;19;19;489;NATIVOS;342;1;PRESIDENTE Y VICE;0;;0.0;;IMPUGNADO;0;332;
2023;GENERAL;PROVISORIO;NORMAL;1;Ciudad Autónoma de Buenos Aires;0;;1;Comuna 01;19;19;489;NATIVOS;342;1;PRESIDENTE Y VICE;0;;0.0;;RECURRIDO;0;332;
2023;GENERAL;PROVISORIO;NORMAL;1;Ciudad Autónoma de Buenos Aires;0;;1;Comuna 01;19;19;489;NATIVOS;342;1;PRESIDENTE Y VICE;0;;0.0;;COMANDO;0;332;
2023;GENERAL;PROVISORIO;NORMAL;1;Ciudad Autónoma de Buenos Aires;0;;1;Comuna 01;19;19;495;NATIVOS;342;1;PRESIDENTE Y VICE;134;UNION POR LA PATRIA;;;POSITIVO;84;292;28,77
2023;GENERAL;PROVISORIO;NORMAL;1;Ciudad Autónoma de Buenos Aires;0;;1;Comuna 01;19;19;495;NATIVOS;342;1;PRESIDENTE Y VICE;132;JUNTOS POR EL CAMBIO;;;POSITIVO;79;292;27,05
2023;GENERAL;PROVISORIO;NORMAL;1;Ciudad Autónoma de Buenos Aires;0;;1;Comuna 01;19;19;495;NATIVOS;342;1;PRESIDENTE Y VICE;135;LA LIBERTAD AVANZA;;;POSITIVO;55;292;37,67
2023;GENERAL;PROVISORIO;NORMAL;1;Ciudad Autónoma de Buenos Aires;0;;1;Comuna 01;19;19;495;NATIVOS;342;1;PRESIDENTE Y VICE;133;HACEMOS POR NUESTRO PAIS;;;POSITIVO;8;292;2,74
2023;GENERAL;PROVISORIO;NORMAL;1;Ciudad Autónoma de Buenos Aires;0;;1;Comuna 01;19;19;495;NATIVOS;342;1;PRESIDENTE Y VICE;136;FRENTE DE IZQUIERDA Y DE TRABAJADORES - UNIDAD;;;POSITIVO;4;292;1,37
2023;GENERAL;PROVISORIO;NORMAL;1;Ciudad Autónoma de Buenos Aires;0;;1;Comuna 01;19;19;495;NATIVOS;342;1;PRESIDENTE Y VICE;0;;0.0;;EN BLANCO;4;292;
2023;GENERAL;PROVISORIO;NORMAL;1;Ciudad Autónoma de Buenos Aires;0;;1;Comuna 01;19;19;495;NATIVOS;342;1;PRESIDENTE Y VICE;0;;0.0;;NULO;3;292;
2023;GENERAL;PROVISORIO;NORMAL;1;Ciudad Autónoma de Buenos Aires;0;;1;Comuna 01;19;19;495;NATIVOS;342;1;PRESIDENTE Y VICE;0;;0.0;;IMPUGNADO;0;292;
2023;GENERAL;PROVISORIO;NORMAL;1;Ciudad Autónoma de Buenos Aires;0;;1;Comuna 01;19;19;495;NATIVOS;342;1;PRESIDENTE Y VICE;0;;0.0;;RECURRIDO;0;292;
2023;GENERAL;PROVISORIO;NORMAL;1;Ciudad Autónoma de Buenos Aires;0;;1;Comuna 01;19;19;495;NATIVOS;342;1;PRESIDENTE Y VICE;0;;0.0;;COMANDO;0;292;
2023;GENERAL;PROVISORIO;NORMAL;1;Ciudad Autónoma de Buenos Aires;0;;1;Comuna 01;19;19;496;NATIVOS;342;1;PRESIDENTE Y VICE;134;UNION POR LA PATRIA;;;POSITIVO;93;274;33,94
2023;GENERAL;PROVISORIO;NORMAL;1;Ciudad Autónoma de Buenos Aires;0;;1;Comuna 01;19;19;496;NATIVOS;342;1;PRESIDENTE Y VICE;132;JUNTOS POR EL CAMBIO;;;POSITIVO;66;274;24,09
2023;GENERAL;PROVISORIO;NORMAL;1;Ciudad Autónoma de Buenos Aires;0;;1;Comuna 01;19;19;496;NATIVOS;342;1;PRESIDENTE Y VICE;135;LA LIBERTAD AVANZA;;;POSITIVO;46;274;33,58
2023;GENERAL;PROVISORIO;NORMAL;1;Ciudad Autónoma de Buenos Aires;0;;1;Comuna 01;19;19;496;NATIVOS;342;1;PRESIDENTE Y VICE;133;HACEMOS POR NUESTRO PAIS;;;POSITIVO;8;274;2,92
2023;GENERAL;PROVISORIO;NORMAL;1;Ciudad Autónoma de Buenos Aires;0;;1;Comuna 01;19;19;496;NATIVOS;342;1;PRESIDENTE Y VICE;136;FRENTE DE IZQUIERDA Y DE TRABAJADORES - UNIDAD;;;POSITIVO;7;274;2,55
2023;GENERAL;PROVISORIO;NORMAL;1;Ciudad Autónoma de Buenos Aires;0;;1;Comuna 01;19;19;496;NATIVOS;342;1;PRESIDENTE Y VICE;0;;0.0;;EN BLANCO;4;274;
2023;GENERAL;PROVISORIO;NORMAL;1;Ciudad Autónoma de Buenos Aires;0;;1;Comuna 01;19;19;496;NATIVOS;342;1;PRESIDENTE Y VICE;0;;0.0;;NULO;4;274;
2023;GENERAL;PROVISORIO;NORMAL;1;Ciudad Autónoma de Buenos Aires;0;;1;Comuna 01;19;19;496;NATIVOS;342;1;PRESIDENTE Y VICE;0;;0.0;;IMPUGNADO;0;274;
2023;GENERAL;PROVISORIO;NORMAL;1;Ciudad Autónoma de Buenos Aires;0;;1;Comuna 01;19;19;496;NATIVOS;342;1;PRESIDENTE Y VICE;0;;0.0;;RECURRIDO;0;274;
2023;GENERAL;PROVISORIO;NORMAL;1;Ciudad Autónoma de Buenos Aires;0;;1;Comuna 01;19;19;496;NATIVOS;342;1;PRESIDENTE Y VICE;0;;0.0;;COMANDO;0;274;
